ER-1071	Navigation
ER-1366	Checkout
ER-1489	Cockpits
ER-1627	PDP
ER-201	Orders Integration (Trend/ERP)
ER-208	Products Data Migration (PAL)
ER-212	Shipping Integration (Rate Shopping)
ER-215	Stock Levels/Lead Time Integration (Trend/ERP)
ER-2370	My Account
ER-2394	Barnyard Clearance
ER-2720	SEO
ER-2748	Autoship Landing
ER-2752	Shopping Lists
ER-2756	Pay Per Click
ER-304	Product Media Data Migration (PAL)
ER-331	Pricing Integration (ERP)
ER-333	Pricing Data Migration (ERP)
ER-336	Pig Library
ER-3835	Chat Live
ER-3890	Non Pig Library Content pages (404 pages, Careers, Site Down, NSN, Recycled, Newsroom)
ER-4323	Tag Manager
ER-477	Promotions
ER-481	Autoship Integration
ER-486	Segmentation
ER-491	Infrastructure and Operations
ER-493	Search
ER-4995	Customer Service Cart Lookup Solution
ER-60	Customer Integration (ERP/SX.e)
ER-63	Customer Data Migration
ER-659	Header
ER-672	Category
ER-68	Taxes Integration
ER-680	Sub-category
ER-687	Footer
ER-70	Product Integration (PIM)
ER-712	Homepage
ER-716	Cart
ER-73	Product Media Integration (Adobe Scene 7)
ER-5062, ER-4599	Standardization and Clean-up Work (Includes miscellaneous tasks, Code Review Tasks, etc.)
ER-5266	Copy Sweep
ER-5361	Site Emails
ER-5628	Pigalog
ER-5630	Request a Sample
ER-5629	IE Modifications